test	test	123456	1	1	1
john	cena	\N	2	1	2
david	lynch	224433	2	1	3
henry	ford	\N	\N	1	4
fred	\N	\N	\N	1	5
john	doe	222333	\N	1	6
mary	jane	\N	\N	1	7
liam	\N	\N	\N	1	8
anthony	brown	88005553535	7	1	9
henry	ford	\N	\N	1	10
fred	\N	\N	\N	1	11
test	testov	4444444444	\N	1	12
qwe	\N	\N	\N	2	13
asd	asd	+04124	3	2	14
francis	\N	612673	3	2	15
jane	doe	2623636	3	2	16
alex	crawl	\N	\N	3	17
jake	\N	624367	4	3	18
norma	jennings	\N	\N	3	19
laura	\N	672347	9	3	20
dale	cooper	119119	5	4	21
bob	\N	\N	\N	4	22
ben	wyatt	7546713	10	5	23
greg	\N	647434	\N	5	24
kyle	\N	562467347	10	5	25
bob	briggs	4363773	\N	6	26
james	hurley	673457	11	6	27
sean	\N	\N	\N	7	28
ben	horne	315315	15	8	29
jerry	horne	314153	15	8	30
mike	\N	\N	\N	9	31
shelly	johnson	\N	\N	9	32
harry	truman	\N	\N	10	33
